{"-1": {"probility": 0.4117647058823529, "0": {"1": 0.4444444444444444, "2": 0.3333333333333333, "3": 0.2222222222222222}, "1": {"M": 0.3333333333333333, "S": 0.4444444444444444, "L": 0.2222222222222222}, "count": 6.0}, "1": {"probility": 0.5882352941176471, "0": {"1": 0.25, "2": 0.3333333333333333, "3": 0.41666666666666663}, "1": {"M": 0.41666666666666663, "S": 0.16666666666666666, "L": 0.41666666666666663}, "count": 9.0}}